customer_id,name,email,country,signup_date,is_premium
1,Customer_1,customer1@example.com,USA,2022-01-12,True
2,Customer_2,customer2@example.com,Chile,2022-11-14,False
3,Customer_3,customer3@example.com,Colombia,2023-08-15,False
4,Customer_4,customer4@example.com,Mexico,2022-08-04,False
5,Customer_5,customer5@example.com,USA,2022-12-05,True
6,Customer_6,customer6@example.com,USA,2023-10-23,True
7,Customer_7,customer7@example.com,USA,2022-03-22,False
8,Customer_8,customer8@example.com,Argentina,2023-12-28,True
9,Customer_9,customer9@example.com,Spain,2023-04-30,False
10,Customer_10,customer10@example.com,Colombia,2023-01-09,True
11,Customer_11,customer11@example.com,USA,2023-12-11,False
12,Customer_12,customer12@example.com,Chile,2022-07-19,False
13,Customer_13,customer13@example.com,Argentina,2023-06-21,False
14,Customer_14,customer14@example.com,USA,2023-04-11,False
15,Customer_15,customer15@example.com,USA,2022-03-30,False
16,Customer_16,customer16@example.com,USA,2022-09-25,False
17,Customer_17,customer17@example.com,USA,2023-10-17,False
18,Customer_18,customer18@example.com,Mexico,2023-07-25,False
19,Customer_19,customer19@example.com,Canada,2023-05-04,True
20,Customer_20,customer20@example.com,USA,2023-06-22,False
21,Customer_21,customer21@example.com,Spain,2022-02-16,False
22,Customer_22,customer22@example.com,USA,2022-10-15,True
23,Customer_23,customer23@example.com,USA,2022-01-16,False
24,Customer_24,customer24@example.com,USA,2023-12-12,False
25,Customer_25,customer25@example.com,Canada,2023-02-05,False
26,Customer_26,customer26@example.com,Colombia,2022-03-27,False
27,Customer_27,customer27@example.com,USA,2022-09-07,False
28,Customer_28,customer28@example.com,Mexico,2023-01-26,True
29,Customer_29,customer29@example.com,Mexico,2022-12-01,False
30,Customer_30,customer30@example.com,USA,2023-09-21,False
31,Customer_31,customer31@example.com,Spain,2023-06-03,True
32,Customer_32,customer32@example.com,USA,2022-05-17,False
33,Customer_33,customer33@example.com,USA,2023-11-19,False
34,Customer_34,customer34@example.com,Chile,2023-05-13,True
35,Customer_35,customer35@example.com,Chile,2023-12-28,False
36,Customer_36,customer36@example.com,Argentina,2023-04-22,False
37,Customer_37,customer37@example.com,USA,2023-08-17,True
38,Customer_38,customer38@example.com,USA,2022-08-11,False
39,Customer_39,customer39@example.com,Spain,2023-01-07,False
40,Customer_40,customer40@example.com,Canada,2023-02-06,False
41,Customer_41,customer41@example.com,USA,2023-03-19,False
42,Customer_42,customer42@example.com,Canada,2023-05-05,False
43,Customer_43,customer43@example.com,USA,2023-09-07,True
44,Customer_44,customer44@example.com,Chile,2022-09-30,False
45,Customer_45,customer45@example.com,USA,2023-06-10,False
46,Customer_46,customer46@example.com,Spain,2022-06-08,False
47,Customer_47,customer47@example.com,USA,2022-06-01,True
48,Customer_48,customer48@example.com,Mexico,2023-09-12,False
49,Customer_49,customer49@example.com,Mexico,2022-07-07,True
50,Customer_50,customer50@example.com,USA,2022-04-08,False
51,Customer_51,customer51@example.com,Chile,2022-05-11,False
52,Customer_52,customer52@example.com,Colombia,2022-06-20,False
53,Customer_53,customer53@example.com,Chile,2022-07-02,False
54,Customer_54,customer54@example.com,Argentina,2022-12-30,False
55,Customer_55,customer55@example.com,Mexico,2022-02-08,False
56,Customer_56,customer56@example.com,Chile,2023-06-11,False
57,Customer_57,customer57@example.com,USA,2023-05-12,False
58,Customer_58,customer58@example.com,USA,2023-05-31,False
59,Customer_59,customer59@example.com,USA,2022-12-15,False
60,Customer_60,customer60@example.com,USA,2023-02-01,False
61,Customer_61,customer61@example.com,USA,2023-12-23,False
62,Customer_62,customer62@example.com,USA,2022-06-10,False
63,Customer_63,customer63@example.com,Argentina,2022-01-16,False
64,Customer_64,customer64@example.com,USA,2023-05-08,False
65,Customer_65,customer65@example.com,USA,2023-03-02,True
66,Customer_66,customer66@example.com,Mexico,2022-04-18,False
67,Customer_67,customer67@example.com,USA,2023-03-26,False
68,Customer_68,customer68@example.com,Argentina,2022-11-07,False
69,Customer_69,customer69@example.com,USA,2022-06-19,False
70,Customer_70,customer70@example.com,Chile,2023-06-30,False
71,Customer_71,customer71@example.com,Colombia,2023-02-18,False
72,Customer_72,customer72@example.com,USA,2022-09-08,False
73,Customer_73,customer73@example.com,USA,2022-05-21,True
74,Customer_74,customer74@example.com,Argentina,2022-10-01,False
75,Customer_75,customer75@example.com,Colombia,2023-02-20,True
76,Customer_76,customer76@example.com,Colombia,2023-08-31,False
77,Customer_77,customer77@example.com,Colombia,2022-02-08,False
78,Customer_78,customer78@example.com,USA,2022-01-29,False
79,Customer_79,customer79@example.com,USA,2023-04-22,True
80,Customer_80,customer80@example.com,USA,2022-11-14,True
81,Customer_81,customer81@example.com,Argentina,2022-09-02,False
82,Customer_82,customer82@example.com,Spain,2023-11-28,True
83,Customer_83,customer83@example.com,USA,2022-09-29,True
84,Customer_84,customer84@example.com,USA,2023-03-16,True
85,Customer_85,customer85@example.com,USA,2022-08-27,False
86,Customer_86,customer86@example.com,USA,2023-01-12,False
87,Customer_87,customer87@example.com,Colombia,2022-09-23,False
88,Customer_88,customer88@example.com,Spain,2022-12-25,False
89,Customer_89,customer89@example.com,Argentina,2022-12-06,False
90,Customer_90,customer90@example.com,Canada,2023-01-24,False
91,Customer_91,customer91@example.com,USA,2023-07-31,False
92,Customer_92,customer92@example.com,Colombia,2023-11-20,True
93,Customer_93,customer93@example.com,Colombia,2022-01-03,True
94,Customer_94,customer94@example.com,Mexico,2023-03-05,True
95,Customer_95,customer95@example.com,Colombia,2022-05-22,False
96,Customer_96,customer96@example.com,Canada,2023-01-11,False
97,Customer_97,customer97@example.com,Mexico,2023-11-01,False
98,Customer_98,customer98@example.com,Canada,2022-11-20,True
99,Customer_99,customer99@example.com,USA,2022-05-26,True
100,Customer_100,customer100@example.com,USA,2022-10-20,False
101,Customer_101,customer101@example.com,USA,2023-10-27,False
102,Customer_102,customer102@example.com,Spain,2023-03-08,False
103,Customer_103,customer103@example.com,USA,2023-12-06,False
104,Customer_104,customer104@example.com,Mexico,2023-08-08,False
105,Customer_105,customer105@example.com,Chile,2023-02-03,False
106,Customer_106,customer106@example.com,USA,2022-12-10,True
107,Customer_107,customer107@example.com,Canada,2022-05-20,False
108,Customer_108,customer108@example.com,Colombia,2022-07-06,False
109,Customer_109,customer109@example.com,USA,2022-03-02,False
110,Customer_110,customer110@example.com,USA,2023-01-15,False
111,Customer_111,customer111@example.com,USA,2023-12-11,True
112,Customer_112,customer112@example.com,USA,2023-03-16,False
113,Customer_113,customer113@example.com,Chile,2022-11-15,False
114,Customer_114,customer114@example.com,Argentina,2022-10-29,False
115,Customer_115,customer115@example.com,Spain,2022-12-10,False
116,Customer_116,customer116@example.com,Argentina,2022-01-11,False
117,Customer_117,customer117@example.com,Argentina,2022-03-03,False
118,Customer_118,customer118@example.com,USA,2022-08-14,False
119,Customer_119,customer119@example.com,Argentina,2022-06-02,False
120,Customer_120,customer120@example.com,Mexico,2023-12-12,False
121,Customer_121,customer121@example.com,Argentina,2023-07-18,True
122,Customer_122,customer122@example.com,Argentina,2023-07-25,False
123,Customer_123,customer123@example.com,USA,2023-08-07,False
124,Customer_124,customer124@example.com,USA,2023-10-22,False
125,Customer_125,customer125@example.com,USA,2023-07-29,False
126,Customer_126,customer126@example.com,Canada,2022-11-06,False
127,Customer_127,customer127@example.com,Argentina,2022-08-31,False
128,Customer_128,customer128@example.com,Argentina,2023-05-08,False
129,Customer_129,customer129@example.com,USA,2023-01-01,False
130,Customer_130,customer130@example.com,Mexico,2022-11-26,False
131,Customer_131,customer131@example.com,Canada,2022-04-17,True
132,Customer_132,customer132@example.com,USA,2022-08-14,True
133,Customer_133,customer133@example.com,USA,2022-08-06,False
134,Customer_134,customer134@example.com,USA,2023-05-21,False
135,Customer_135,customer135@example.com,Chile,2022-09-16,False
136,Customer_136,customer136@example.com,USA,2023-06-01,False
137,Customer_137,customer137@example.com,Mexico,2022-02-23,False
138,Customer_138,customer138@example.com,Colombia,2022-02-16,False
139,Customer_139,customer139@example.com,USA,2023-12-28,False
140,Customer_140,customer140@example.com,Chile,2023-11-20,False
141,Customer_141,customer141@example.com,Chile,2023-06-05,False
142,Customer_142,customer142@example.com,USA,2022-04-09,False
143,Customer_143,customer143@example.com,Canada,2022-01-20,False
144,Customer_144,customer144@example.com,USA,2023-07-27,False
145,Customer_145,customer145@example.com,USA,2023-05-05,False
146,Customer_146,customer146@example.com,USA,2023-02-23,False
147,Customer_147,customer147@example.com,Spain,2023-11-21,True
148,Customer_148,customer148@example.com,Mexico,2022-03-03,False
149,Customer_149,customer149@example.com,USA,2022-05-25,False
150,Customer_150,customer150@example.com,USA,2022-08-04,False
151,Customer_151,customer151@example.com,Chile,2022-01-03,True
152,Customer_152,customer152@example.com,USA,2022-06-09,True
153,Customer_153,customer153@example.com,USA,2022-04-30,True
154,Customer_154,customer154@example.com,Canada,2022-03-30,False
155,Customer_155,customer155@example.com,Chile,2022-11-25,False
156,Customer_156,customer156@example.com,USA,2023-08-03,False
157,Customer_157,customer157@example.com,Spain,2022-12-23,False
158,Customer_158,customer158@example.com,Colombia,2023-09-02,False
159,Customer_159,customer159@example.com,USA,2022-09-24,False
160,Customer_160,customer160@example.com,Colombia,2023-09-09,False
161,Customer_161,customer161@example.com,USA,2022-11-19,False
162,Customer_162,customer162@example.com,Spain,2023-09-27,False
163,Customer_163,customer163@example.com,Spain,2023-06-25,False
164,Customer_164,customer164@example.com,Mexico,2023-10-11,False
165,Customer_165,customer165@example.com,USA,2022-07-14,False
166,Customer_166,customer166@example.com,Argentina,2022-11-28,False
167,Customer_167,customer167@example.com,USA,2022-06-19,False
168,Customer_168,customer168@example.com,USA,2023-06-05,False
169,Customer_169,customer169@example.com,USA,2023-04-08,True
170,Customer_170,customer170@example.com,Mexico,2022-02-09,False
171,Customer_171,customer171@example.com,Spain,2023-06-21,True
172,Customer_172,customer172@example.com,USA,2022-09-18,False
173,Customer_173,customer173@example.com,Mexico,2023-01-30,False
174,Customer_174,customer174@example.com,USA,2022-08-14,False
175,Customer_175,customer175@example.com,Spain,2022-05-04,True
176,Customer_176,customer176@example.com,USA,2022-02-07,False
177,Customer_177,customer177@example.com,Spain,2022-11-24,False
178,Customer_178,customer178@example.com,USA,2022-09-08,False
179,Customer_179,customer179@example.com,Chile,2022-06-25,False
180,Customer_180,customer180@example.com,USA,2023-08-25,False
181,Customer_181,customer181@example.com,USA,2023-03-30,False
182,Customer_182,customer182@example.com,USA,2022-02-06,True
183,Customer_183,customer183@example.com,Chile,2022-11-12,False
184,Customer_184,customer184@example.com,Argentina,2023-11-19,False
185,Customer_185,customer185@example.com,USA,2023-08-16,False
186,Customer_186,customer186@example.com,Spain,2022-04-24,True
187,Customer_187,customer187@example.com,Argentina,2022-02-09,False
188,Customer_188,customer188@example.com,Mexico,2022-10-28,True
189,Customer_189,customer189@example.com,Mexico,2022-08-12,False
190,Customer_190,customer190@example.com,USA,2022-11-14,False
191,Customer_191,customer191@example.com,USA,2022-12-15,False
192,Customer_192,customer192@example.com,Argentina,2022-04-25,False
193,Customer_193,customer193@example.com,Chile,2023-11-29,False
194,Customer_194,customer194@example.com,Spain,2022-11-19,True
195,Customer_195,customer195@example.com,USA,2023-07-22,False
196,Customer_196,customer196@example.com,USA,2022-02-09,False
197,Customer_197,customer197@example.com,Colombia,2022-02-09,False
198,Customer_198,customer198@example.com,Argentina,2022-10-16,False
199,Customer_199,customer199@example.com,Argentina,2022-09-19,False
200,Customer_200,customer200@example.com,Colombia,2022-08-04,False
201,Customer_201,customer201@example.com,Spain,2022-05-27,False
202,Customer_202,customer202@example.com,USA,2022-12-02,False
203,Customer_203,customer203@example.com,USA,2022-06-17,False
204,Customer_204,customer204@example.com,Argentina,2022-04-02,False
205,Customer_205,customer205@example.com,Spain,2022-12-19,False
206,Customer_206,customer206@example.com,USA,2023-07-25,True
207,Customer_207,customer207@example.com,USA,2023-07-25,False
208,Customer_208,customer208@example.com,Spain,2023-11-12,False
209,Customer_209,customer209@example.com,USA,2022-12-29,False
210,Customer_210,customer210@example.com,USA,2023-07-11,True
211,Customer_211,customer211@example.com,Mexico,2022-12-11,False
212,Customer_212,customer212@example.com,Spain,2023-11-24,False
213,Customer_213,customer213@example.com,Spain,2022-06-19,False
214,Customer_214,customer214@example.com,USA,2022-12-22,True
215,Customer_215,customer215@example.com,Colombia,2022-07-10,False
216,Customer_216,customer216@example.com,USA,2023-10-29,False
217,Customer_217,customer217@example.com,USA,2023-02-26,False
218,Customer_218,customer218@example.com,Colombia,2023-12-01,False
219,Customer_219,customer219@example.com,Spain,2022-01-07,False
220,Customer_220,customer220@example.com,Argentina,2022-05-13,False
221,Customer_221,customer221@example.com,Spain,2023-07-11,False
222,Customer_222,customer222@example.com,Mexico,2022-01-31,False
223,Customer_223,customer223@example.com,USA,2023-06-19,False
224,Customer_224,customer224@example.com,USA,2023-03-02,True
225,Customer_225,customer225@example.com,USA,2023-01-29,True
226,Customer_226,customer226@example.com,USA,2023-11-03,False
227,Customer_227,customer227@example.com,Chile,2022-12-29,False
228,Customer_228,customer228@example.com,USA,2023-03-13,False
229,Customer_229,customer229@example.com,Argentina,2023-11-01,False
230,Customer_230,customer230@example.com,Spain,2023-07-05,False
231,Customer_231,customer231@example.com,Colombia,2022-03-23,False
232,Customer_232,customer232@example.com,Mexico,2022-12-22,True
233,Customer_233,customer233@example.com,Mexico,2022-09-15,False
234,Customer_234,customer234@example.com,Canada,2023-12-19,False
235,Customer_235,customer235@example.com,USA,2023-08-12,True
236,Customer_236,customer236@example.com,Colombia,2023-06-08,False
237,Customer_237,customer237@example.com,USA,2022-10-22,False
238,Customer_238,customer238@example.com,USA,2022-08-12,False
239,Customer_239,customer239@example.com,Spain,2023-06-09,False
240,Customer_240,customer240@example.com,USA,2022-02-15,False
241,Customer_241,customer241@example.com,Chile,2023-10-29,False
242,Customer_242,customer242@example.com,Chile,2022-04-23,False
243,Customer_243,customer243@example.com,Chile,2022-08-21,False
244,Customer_244,customer244@example.com,USA,2022-01-17,False
245,Customer_245,customer245@example.com,USA,2022-12-26,True
246,Customer_246,customer246@example.com,Chile,2022-08-11,False
247,Customer_247,customer247@example.com,Canada,2023-12-01,False
248,Customer_248,customer248@example.com,Chile,2023-03-24,False
249,Customer_249,customer249@example.com,Chile,2022-12-31,False
250,Customer_250,customer250@example.com,Argentina,2023-11-06,False
251,Customer_251,customer251@example.com,USA,2022-11-22,True
252,Customer_252,customer252@example.com,USA,2023-04-12,False
253,Customer_253,customer253@example.com,Argentina,2023-02-18,False
254,Customer_254,customer254@example.com,USA,2023-03-31,True
255,Customer_255,customer255@example.com,USA,2023-08-09,True
256,Customer_256,customer256@example.com,Mexico,2022-08-21,False
257,Customer_257,customer257@example.com,Chile,2022-08-12,False
258,Customer_258,customer258@example.com,Spain,2023-02-16,False
259,Customer_259,customer259@example.com,Mexico,2023-07-26,False
260,Customer_260,customer260@example.com,USA,2022-12-01,False
261,Customer_261,customer261@example.com,Spain,2022-08-10,False
262,Customer_262,customer262@example.com,Chile,2022-02-06,False
263,Customer_263,customer263@example.com,USA,2022-10-05,False
264,Customer_264,customer264@example.com,Mexico,2022-07-15,False
265,Customer_265,customer265@example.com,Argentina,2023-04-29,True
266,Customer_266,customer266@example.com,Colombia,2022-08-30,False
267,Customer_267,customer267@example.com,Spain,2022-11-20,False
268,Customer_268,customer268@example.com,Colombia,2022-07-11,False
269,Customer_269,customer269@example.com,USA,2022-01-17,True
270,Customer_270,customer270@example.com,USA,2023-06-08,True
271,Customer_271,customer271@example.com,Argentina,2023-02-05,False
272,Customer_272,customer272@example.com,Argentina,2023-12-06,False
273,Customer_273,customer273@example.com,Argentina,2022-01-22,False
274,Customer_274,customer274@example.com,Chile,2023-04-19,False
275,Customer_275,customer275@example.com,Mexico,2022-04-30,False
276,Customer_276,customer276@example.com,Mexico,2022-07-29,True
277,Customer_277,customer277@example.com,Colombia,2022-11-02,False
278,Customer_278,customer278@example.com,Spain,2022-09-27,True
279,Customer_279,customer279@example.com,Colombia,2023-12-05,False
280,Customer_280,customer280@example.com,Colombia,2023-11-18,False
281,Customer_281,customer281@example.com,Argentina,2022-10-12,False
282,Customer_282,customer282@example.com,USA,2023-12-17,True
283,Customer_283,customer283@example.com,USA,2023-11-07,True
284,Customer_284,customer284@example.com,USA,2022-08-15,False
285,Customer_285,customer285@example.com,Mexico,2023-01-16,False
286,Customer_286,customer286@example.com,USA,2023-04-05,False
287,Customer_287,customer287@example.com,Canada,2022-01-07,False
288,Customer_288,customer288@example.com,Mexico,2022-01-29,False
289,Customer_289,customer289@example.com,USA,2022-02-02,False
290,Customer_290,customer290@example.com,Mexico,2023-10-08,False
291,Customer_291,customer291@example.com,USA,2022-03-20,False
292,Customer_292,customer292@example.com,USA,2023-04-04,False
293,Customer_293,customer293@example.com,Argentina,2023-07-24,True
294,Customer_294,customer294@example.com,USA,2023-06-22,False
295,Customer_295,customer295@example.com,USA,2023-04-27,True
296,Customer_296,customer296@example.com,Mexico,2023-03-06,True
297,Customer_297,customer297@example.com,Colombia,2022-10-12,False
298,Customer_298,customer298@example.com,USA,2023-05-31,True
299,Customer_299,customer299@example.com,Spain,2022-04-09,False
300,Customer_300,customer300@example.com,USA,2023-02-01,False
301,Customer_301,customer301@example.com,USA,2023-05-04,False
302,Customer_302,customer302@example.com,Mexico,2022-02-08,False
303,Customer_303,customer303@example.com,Mexico,2022-09-28,True
304,Customer_304,customer304@example.com,Spain,2022-06-06,False
305,Customer_305,customer305@example.com,Colombia,2022-03-16,False
306,Customer_306,customer306@example.com,Chile,2022-05-10,False
307,Customer_307,customer307@example.com,Mexico,2023-11-18,False
308,Customer_308,customer308@example.com,USA,2022-03-25,True
309,Customer_309,customer309@example.com,Colombia,2022-01-22,False
310,Customer_310,customer310@example.com,USA,2023-04-04,False
311,Customer_311,customer311@example.com,Canada,2023-06-23,False
312,Customer_312,customer312@example.com,USA,2023-12-08,False
313,Customer_313,customer313@example.com,USA,2023-01-17,False
314,Customer_314,customer314@example.com,Chile,2023-03-16,False
315,Customer_315,customer315@example.com,Argentina,2023-08-27,True
316,Customer_316,customer316@example.com,Spain,2022-01-21,False
317,Customer_317,customer317@example.com,Canada,2022-10-30,False
318,Customer_318,customer318@example.com,USA,2022-03-25,False
319,Customer_319,customer319@example.com,USA,2023-10-21,False
320,Customer_320,customer320@example.com,USA,2023-03-29,False
321,Customer_321,customer321@example.com,Mexico,2023-01-22,True
322,Customer_322,customer322@example.com,Colombia,2023-05-22,True
323,Customer_323,customer323@example.com,Spain,2022-09-14,False
324,Customer_324,customer324@example.com,USA,2023-07-24,False
325,Customer_325,customer325@example.com,Chile,2023-06-11,False
326,Customer_326,customer326@example.com,Colombia,2022-06-11,False
327,Customer_327,customer327@example.com,Mexico,2022-06-12,False
328,Customer_328,customer328@example.com,Spain,2023-06-08,True
329,Customer_329,customer329@example.com,Canada,2022-09-28,False
330,Customer_330,customer330@example.com,USA,2023-05-07,False
331,Customer_331,customer331@example.com,USA,2022-07-27,True
332,Customer_332,customer332@example.com,Colombia,2023-06-23,False
333,Customer_333,customer333@example.com,USA,2023-08-07,False
334,Customer_334,customer334@example.com,USA,2022-03-01,True
335,Customer_335,customer335@example.com,USA,2023-03-06,False
336,Customer_336,customer336@example.com,USA,2023-10-19,False
337,Customer_337,customer337@example.com,Argentina,2023-08-28,True
338,Customer_338,customer338@example.com,Colombia,2022-11-05,False
339,Customer_339,customer339@example.com,Canada,2023-06-04,False
340,Customer_340,customer340@example.com,USA,2023-08-14,False
341,Customer_341,customer341@example.com,Canada,2022-01-27,False
342,Customer_342,customer342@example.com,Canada,2023-11-17,False
343,Customer_343,customer343@example.com,USA,2023-07-16,False
344,Customer_344,customer344@example.com,Canada,2022-07-18,False
345,Customer_345,customer345@example.com,USA,2023-01-22,True
346,Customer_346,customer346@example.com,Spain,2022-12-15,False
347,Customer_347,customer347@example.com,Spain,2023-11-24,False
348,Customer_348,customer348@example.com,USA,2023-06-20,False
349,Customer_349,customer349@example.com,USA,2023-01-13,True
350,Customer_350,customer350@example.com,Spain,2023-07-12,False
351,Customer_351,customer351@example.com,Mexico,2023-06-11,False
352,Customer_352,customer352@example.com,Argentina,2022-06-02,False
353,Customer_353,customer353@example.com,Spain,2022-07-25,True
354,Customer_354,customer354@example.com,USA,2023-03-31,False
355,Customer_355,customer355@example.com,USA,2022-09-30,False
356,Customer_356,customer356@example.com,Spain,2022-08-24,False
357,Customer_357,customer357@example.com,USA,2023-06-05,False
358,Customer_358,customer358@example.com,Mexico,2023-11-09,False
359,Customer_359,customer359@example.com,Chile,2023-12-27,False
360,Customer_360,customer360@example.com,Mexico,2023-05-16,False
361,Customer_361,customer361@example.com,USA,2022-04-27,False
362,Customer_362,customer362@example.com,Spain,2023-01-21,False
363,Customer_363,customer363@example.com,Canada,2022-12-10,False
364,Customer_364,customer364@example.com,Mexico,2023-08-07,False
365,Customer_365,customer365@example.com,Chile,2023-01-30,True
366,Customer_366,customer366@example.com,USA,2022-03-05,True
367,Customer_367,customer367@example.com,Chile,2023-12-18,False
368,Customer_368,customer368@example.com,Chile,2023-12-22,False
369,Customer_369,customer369@example.com,USA,2022-03-13,False
370,Customer_370,customer370@example.com,USA,2022-10-01,False
371,Customer_371,customer371@example.com,USA,2022-11-16,True
372,Customer_372,customer372@example.com,USA,2022-12-04,False
373,Customer_373,customer373@example.com,USA,2023-01-01,False
374,Customer_374,customer374@example.com,Spain,2023-05-10,False
375,Customer_375,customer375@example.com,USA,2023-08-30,False
376,Customer_376,customer376@example.com,USA,2022-06-15,False
377,Customer_377,customer377@example.com,Argentina,2023-06-28,False
378,Customer_378,customer378@example.com,USA,2022-01-11,False
379,Customer_379,customer379@example.com,Argentina,2022-10-28,False
380,Customer_380,customer380@example.com,USA,2023-12-30,False
381,Customer_381,customer381@example.com,USA,2022-04-12,False
382,Customer_382,customer382@example.com,Spain,2023-03-01,False
383,Customer_383,customer383@example.com,Spain,2023-01-27,False
384,Customer_384,customer384@example.com,Argentina,2022-08-02,False
385,Customer_385,customer385@example.com,Colombia,2023-11-22,False
386,Customer_386,customer386@example.com,Argentina,2022-03-29,False
387,Customer_387,customer387@example.com,USA,2023-07-07,True
388,Customer_388,customer388@example.com,USA,2023-02-05,False
389,Customer_389,customer389@example.com,Colombia,2023-08-11,False
390,Customer_390,customer390@example.com,Argentina,2022-02-15,False
391,Customer_391,customer391@example.com,Chile,2023-11-03,False
392,Customer_392,customer392@example.com,Canada,2023-04-08,False
393,Customer_393,customer393@example.com,USA,2023-08-15,False
394,Customer_394,customer394@example.com,Colombia,2022-11-06,False
395,Customer_395,customer395@example.com,USA,2022-03-27,True
396,Customer_396,customer396@example.com,Chile,2022-04-02,False
397,Customer_397,customer397@example.com,Argentina,2023-10-22,True
398,Customer_398,customer398@example.com,Canada,2023-11-04,False
399,Customer_399,customer399@example.com,Colombia,2023-12-15,False
400,Customer_400,customer400@example.com,Colombia,2022-08-30,True
401,Customer_401,customer401@example.com,USA,2022-01-02,False
402,Customer_402,customer402@example.com,Chile,2022-08-13,False
403,Customer_403,customer403@example.com,Mexico,2023-08-12,True
404,Customer_404,customer404@example.com,Argentina,2022-04-26,False
405,Customer_405,customer405@example.com,USA,2023-10-28,False
406,Customer_406,customer406@example.com,Argentina,2022-04-13,False
407,Customer_407,customer407@example.com,USA,2022-07-13,False
408,Customer_408,customer408@example.com,USA,2022-06-15,False
409,Customer_409,customer409@example.com,Chile,2022-03-31,False
410,Customer_410,customer410@example.com,USA,2023-11-17,False
411,Customer_411,customer411@example.com,USA,2022-05-02,False
412,Customer_412,customer412@example.com,Chile,2022-05-23,True
413,Customer_413,customer413@example.com,Chile,2022-04-16,False
414,Customer_414,customer414@example.com,Mexico,2023-03-04,False
415,Customer_415,customer415@example.com,Spain,2022-11-01,True
416,Customer_416,customer416@example.com,Canada,2022-11-13,True
417,Customer_417,customer417@example.com,USA,2023-09-27,False
418,Customer_418,customer418@example.com,USA,2022-01-09,False
419,Customer_419,customer419@example.com,Spain,2022-03-14,False
420,Customer_420,customer420@example.com,Colombia,2022-12-25,False
421,Customer_421,customer421@example.com,Colombia,2022-08-11,True
422,Customer_422,customer422@example.com,Colombia,2023-02-20,False
423,Customer_423,customer423@example.com,USA,2023-07-07,True
424,Customer_424,customer424@example.com,Canada,2023-01-05,False
425,Customer_425,customer425@example.com,USA,2023-12-17,False
426,Customer_426,customer426@example.com,Mexico,2022-09-21,False
427,Customer_427,customer427@example.com,Canada,2023-11-21,False
428,Customer_428,customer428@example.com,Argentina,2022-11-14,False
429,Customer_429,customer429@example.com,USA,2022-03-25,False
430,Customer_430,customer430@example.com,USA,2022-11-14,False
431,Customer_431,customer431@example.com,USA,2022-04-21,False
432,Customer_432,customer432@example.com,Colombia,2022-09-08,False
433,Customer_433,customer433@example.com,Spain,2023-01-18,False
434,Customer_434,customer434@example.com,USA,2022-01-07,False
435,Customer_435,customer435@example.com,USA,2023-04-04,False
436,Customer_436,customer436@example.com,Colombia,2022-03-25,True
437,Customer_437,customer437@example.com,USA,2022-07-27,False
438,Customer_438,customer438@example.com,Argentina,2023-01-25,False
439,Customer_439,customer439@example.com,Colombia,2022-11-10,True
440,Customer_440,customer440@example.com,USA,2022-01-22,False
441,Customer_441,customer441@example.com,USA,2023-02-14,True
442,Customer_442,customer442@example.com,Chile,2023-05-30,False
443,Customer_443,customer443@example.com,USA,2022-05-07,False
444,Customer_444,customer444@example.com,USA,2023-12-01,False
445,Customer_445,customer445@example.com,Argentina,2022-01-14,False
446,Customer_446,customer446@example.com,Chile,2022-01-12,False
447,Customer_447,customer447@example.com,Chile,2022-03-28,False
448,Customer_448,customer448@example.com,Colombia,2023-06-08,False
449,Customer_449,customer449@example.com,USA,2023-06-21,False
450,Customer_450,customer450@example.com,USA,2022-10-28,False
451,Customer_451,customer451@example.com,Colombia,2022-08-31,False
452,Customer_452,customer452@example.com,Mexico,2022-05-02,True
453,Customer_453,customer453@example.com,Canada,2022-05-27,False
454,Customer_454,customer454@example.com,Chile,2023-07-21,False
455,Customer_455,customer455@example.com,USA,2022-12-22,False
456,Customer_456,customer456@example.com,Canada,2023-11-16,True
457,Customer_457,customer457@example.com,USA,2023-09-23,True
458,Customer_458,customer458@example.com,Canada,2022-11-05,False
459,Customer_459,customer459@example.com,USA,2023-11-26,False
460,Customer_460,customer460@example.com,USA,2022-10-15,False
461,Customer_461,customer461@example.com,USA,2022-11-03,False
462,Customer_462,customer462@example.com,Spain,2023-08-17,False
463,Customer_463,customer463@example.com,Colombia,2023-12-24,False
464,Customer_464,customer464@example.com,Mexico,2023-10-24,False
465,Customer_465,customer465@example.com,Chile,2023-07-03,False
466,Customer_466,customer466@example.com,USA,2022-12-18,False
467,Customer_467,customer467@example.com,USA,2022-11-08,True
468,Customer_468,customer468@example.com,Argentina,2022-02-28,False
469,Customer_469,customer469@example.com,USA,2023-10-05,False
470,Customer_470,customer470@example.com,Chile,2023-12-15,False
471,Customer_471,customer471@example.com,USA,2022-02-04,False
472,Customer_472,customer472@example.com,Chile,2023-03-21,False
473,Customer_473,customer473@example.com,USA,2022-04-03,False
474,Customer_474,customer474@example.com,Argentina,2022-07-26,False
475,Customer_475,customer475@example.com,Mexico,2022-12-19,False
476,Customer_476,customer476@example.com,Chile,2022-11-28,False
477,Customer_477,customer477@example.com,USA,2023-12-26,False
478,Customer_478,customer478@example.com,Mexico,2022-06-08,False
479,Customer_479,customer479@example.com,Chile,2022-01-24,True
480,Customer_480,customer480@example.com,Mexico,2023-02-08,False
481,Customer_481,customer481@example.com,Spain,2023-05-31,False
482,Customer_482,customer482@example.com,Spain,2022-12-30,False
483,Customer_483,customer483@example.com,Canada,2023-01-17,False
484,Customer_484,customer484@example.com,Spain,2023-06-16,False
485,Customer_485,customer485@example.com,Mexico,2022-06-01,False
486,Customer_486,customer486@example.com,Chile,2023-07-16,True
487,Customer_487,customer487@example.com,USA,2023-11-20,False
488,Customer_488,customer488@example.com,USA,2023-08-31,True
489,Customer_489,customer489@example.com,Chile,2023-09-09,False
490,Customer_490,customer490@example.com,Argentina,2023-02-24,False
491,Customer_491,customer491@example.com,Canada,2022-09-07,False
492,Customer_492,customer492@example.com,Spain,2022-04-27,False
493,Customer_493,customer493@example.com,USA,2023-05-27,False
494,Customer_494,customer494@example.com,USA,2023-08-01,False
495,Customer_495,customer495@example.com,Canada,2022-12-01,False
496,Customer_496,customer496@example.com,USA,2023-02-22,False
497,Customer_497,customer497@example.com,Mexico,2022-10-22,True
498,Customer_498,customer498@example.com,USA,2023-01-06,False
499,Customer_499,customer499@example.com,Chile,2022-07-05,False
500,Customer_500,customer500@example.com,Chile,2022-09-03,False
501,Customer_501,customer501@example.com,Spain,2023-09-29,False
502,Customer_502,customer502@example.com,Mexico,2022-09-25,False
503,Customer_503,customer503@example.com,USA,2023-10-05,False
504,Customer_504,customer504@example.com,Argentina,2022-08-25,True
505,Customer_505,customer505@example.com,Spain,2023-06-14,False
506,Customer_506,customer506@example.com,USA,2023-07-06,False
507,Customer_507,customer507@example.com,Chile,2022-01-21,True
508,Customer_508,customer508@example.com,Argentina,2023-06-04,False
509,Customer_509,customer509@example.com,Chile,2022-04-10,True
510,Customer_510,customer510@example.com,Colombia,2023-04-23,False
511,Customer_511,customer511@example.com,Spain,2023-08-22,False
512,Customer_512,customer512@example.com,Canada,2022-10-25,False
513,Customer_513,customer513@example.com,Chile,2023-06-10,False
514,Customer_514,customer514@example.com,Argentina,2022-11-30,False
515,Customer_515,customer515@example.com,USA,2022-01-02,False
516,Customer_516,customer516@example.com,USA,2023-01-10,True
517,Customer_517,customer517@example.com,USA,2022-10-20,False
518,Customer_518,customer518@example.com,Argentina,2023-07-07,False
519,Customer_519,customer519@example.com,Chile,2022-11-14,False
520,Customer_520,customer520@example.com,USA,2023-05-17,False
521,Customer_521,customer521@example.com,Mexico,2023-01-16,False
522,Customer_522,customer522@example.com,USA,2023-09-15,True
523,Customer_523,customer523@example.com,Chile,2022-01-14,True
524,Customer_524,customer524@example.com,Argentina,2023-05-19,False
525,Customer_525,customer525@example.com,Argentina,2022-08-19,False
526,Customer_526,customer526@example.com,Canada,2022-03-25,True
527,Customer_527,customer527@example.com,Canada,2022-05-10,False
528,Customer_528,customer528@example.com,USA,2022-05-25,False
529,Customer_529,customer529@example.com,USA,2022-01-28,False
530,Customer_530,customer530@example.com,Argentina,2022-03-07,False
531,Customer_531,customer531@example.com,Argentina,2022-06-12,True
532,Customer_532,customer532@example.com,Chile,2022-08-17,False
533,Customer_533,customer533@example.com,Chile,2022-09-18,False
534,Customer_534,customer534@example.com,Mexico,2023-03-25,True
535,Customer_535,customer535@example.com,Colombia,2023-02-28,True
536,Customer_536,customer536@example.com,Chile,2023-04-05,False
537,Customer_537,customer537@example.com,Argentina,2023-11-07,False
538,Customer_538,customer538@example.com,USA,2022-10-28,False
539,Customer_539,customer539@example.com,Canada,2022-10-30,False
540,Customer_540,customer540@example.com,USA,2022-10-14,False
541,Customer_541,customer541@example.com,Chile,2023-01-30,False
542,Customer_542,customer542@example.com,Spain,2022-01-10,False
543,Customer_543,customer543@example.com,USA,2023-12-08,False
544,Customer_544,customer544@example.com,Spain,2023-09-22,False
545,Customer_545,customer545@example.com,Spain,2022-09-27,False
546,Customer_546,customer546@example.com,USA,2023-08-15,False
547,Customer_547,customer547@example.com,USA,2023-08-28,False
548,Customer_548,customer548@example.com,Spain,2022-12-27,False
549,Customer_549,customer549@example.com,Mexico,2022-09-14,False
550,Customer_550,customer550@example.com,Colombia,2022-05-13,False
551,Customer_551,customer551@example.com,Mexico,2022-10-03,False
552,Customer_552,customer552@example.com,Argentina,2023-11-14,False
553,Customer_553,customer553@example.com,Mexico,2023-05-28,False
554,Customer_554,customer554@example.com,Mexico,2022-11-09,False
555,Customer_555,customer555@example.com,Argentina,2023-07-30,True
556,Customer_556,customer556@example.com,Canada,2022-10-11,False
557,Customer_557,customer557@example.com,USA,2022-05-01,False
558,Customer_558,customer558@example.com,USA,2022-04-17,False
559,Customer_559,customer559@example.com,Colombia,2023-11-18,False
560,Customer_560,customer560@example.com,Spain,2022-07-23,False
561,Customer_561,customer561@example.com,Colombia,2022-06-14,False
562,Customer_562,customer562@example.com,USA,2022-11-01,False
563,Customer_563,customer563@example.com,USA,2023-05-12,False
564,Customer_564,customer564@example.com,USA,2023-09-24,True
565,Customer_565,customer565@example.com,USA,2023-07-10,False
566,Customer_566,customer566@example.com,Mexico,2022-06-05,False
567,Customer_567,customer567@example.com,USA,2023-01-02,False
568,Customer_568,customer568@example.com,Canada,2023-12-20,True
569,Customer_569,customer569@example.com,Chile,2023-09-12,True
570,Customer_570,customer570@example.com,USA,2022-09-08,False
571,Customer_571,customer571@example.com,Mexico,2022-11-30,False
572,Customer_572,customer572@example.com,Colombia,2023-10-04,False
573,Customer_573,customer573@example.com,USA,2023-05-26,False
574,Customer_574,customer574@example.com,Spain,2022-10-20,True
575,Customer_575,customer575@example.com,Argentina,2022-01-20,False
576,Customer_576,customer576@example.com,Chile,2022-10-09,False
577,Customer_577,customer577@example.com,USA,2022-01-01,False
578,Customer_578,customer578@example.com,Chile,2022-04-29,False
579,Customer_579,customer579@example.com,Canada,2022-02-04,True
580,Customer_580,customer580@example.com,USA,2022-07-17,True
581,Customer_581,customer581@example.com,Canada,2023-04-30,False
582,Customer_582,customer582@example.com,Chile,2022-02-28,True
583,Customer_583,customer583@example.com,Canada,2022-06-10,True
584,Customer_584,customer584@example.com,USA,2023-11-22,False
585,Customer_585,customer585@example.com,Spain,2022-07-25,False
586,Customer_586,customer586@example.com,USA,2022-01-12,False
587,Customer_587,customer587@example.com,USA,2023-05-05,False
588,Customer_588,customer588@example.com,USA,2022-10-03,False
589,Customer_589,customer589@example.com,USA,2023-11-24,False
590,Customer_590,customer590@example.com,USA,2022-08-30,False
591,Customer_591,customer591@example.com,USA,2022-08-04,True
592,Customer_592,customer592@example.com,Spain,2022-09-08,False
593,Customer_593,customer593@example.com,USA,2022-05-06,True
594,Customer_594,customer594@example.com,USA,2022-08-05,False
595,Customer_595,customer595@example.com,Argentina,2022-11-02,False
596,Customer_596,customer596@example.com,Canada,2022-07-04,False
597,Customer_597,customer597@example.com,Spain,2022-02-08,False
598,Customer_598,customer598@example.com,USA,2022-08-11,False
599,Customer_599,customer599@example.com,USA,2022-07-03,False
600,Customer_600,customer600@example.com,USA,2023-05-10,True
601,Customer_601,customer601@example.com,USA,2023-03-03,False
602,Customer_602,customer602@example.com,USA,2022-06-27,False
603,Customer_603,customer603@example.com,USA,2023-03-04,False
604,Customer_604,customer604@example.com,USA,2022-10-21,False
605,Customer_605,customer605@example.com,USA,2022-05-31,False
606,Customer_606,customer606@example.com,Canada,2023-01-19,False
607,Customer_607,customer607@example.com,USA,2023-09-30,False
608,Customer_608,customer608@example.com,USA,2022-11-04,False
609,Customer_609,customer609@example.com,Mexico,2022-12-02,False
610,Customer_610,customer610@example.com,Spain,2023-01-10,False
611,Customer_611,customer611@example.com,USA,2022-01-08,False
612,Customer_612,customer612@example.com,Colombia,2022-12-07,True
613,Customer_613,customer613@example.com,Spain,2022-05-09,False
614,Customer_614,customer614@example.com,USA,2023-10-31,True
615,Customer_615,customer615@example.com,Argentina,2022-12-18,False
616,Customer_616,customer616@example.com,Chile,2022-12-24,True
617,Customer_617,customer617@example.com,USA,2023-06-01,False
618,Customer_618,customer618@example.com,USA,2023-05-10,False
619,Customer_619,customer619@example.com,Argentina,2022-03-27,True
620,Customer_620,customer620@example.com,Colombia,2022-06-24,False
621,Customer_621,customer621@example.com,USA,2022-07-12,False
622,Customer_622,customer622@example.com,USA,2022-11-07,False
623,Customer_623,customer623@example.com,USA,2022-04-29,True
624,Customer_624,customer624@example.com,Canada,2022-08-06,False
625,Customer_625,customer625@example.com,Spain,2023-03-03,False
626,Customer_626,customer626@example.com,USA,2023-02-18,True
627,Customer_627,customer627@example.com,Canada,2022-04-24,True
628,Customer_628,customer628@example.com,Colombia,2022-05-25,False
629,Customer_629,customer629@example.com,USA,2023-06-22,False
630,Customer_630,customer630@example.com,USA,2023-10-10,False
631,Customer_631,customer631@example.com,Colombia,2022-10-30,False
632,Customer_632,customer632@example.com,Argentina,2023-08-11,False
633,Customer_633,customer633@example.com,Mexico,2022-12-11,False
634,Customer_634,customer634@example.com,Mexico,2022-01-01,True
635,Customer_635,customer635@example.com,USA,2022-05-27,False
636,Customer_636,customer636@example.com,Canada,2022-10-14,False
637,Customer_637,customer637@example.com,Mexico,2023-10-16,False
638,Customer_638,customer638@example.com,USA,2022-02-22,False
639,Customer_639,customer639@example.com,USA,2022-10-31,False
640,Customer_640,customer640@example.com,USA,2022-03-10,True
641,Customer_641,customer641@example.com,USA,2022-12-27,False
642,Customer_642,customer642@example.com,USA,2023-08-25,True
643,Customer_643,customer643@example.com,USA,2022-08-08,False
644,Customer_644,customer644@example.com,USA,2023-12-05,True
645,Customer_645,customer645@example.com,USA,2023-07-29,True
646,Customer_646,customer646@example.com,Argentina,2023-08-08,False
647,Customer_647,customer647@example.com,Mexico,2022-06-10,False
648,Customer_648,customer648@example.com,Spain,2023-11-12,False
649,Customer_649,customer649@example.com,Colombia,2022-03-30,False
650,Customer_650,customer650@example.com,Canada,2023-11-19,True
651,Customer_651,customer651@example.com,USA,2023-08-08,True
652,Customer_652,customer652@example.com,Mexico,2023-08-12,False
653,Customer_653,customer653@example.com,Mexico,2022-06-08,False
654,Customer_654,customer654@example.com,Colombia,2023-05-04,False
655,Customer_655,customer655@example.com,Canada,2022-11-20,False
656,Customer_656,customer656@example.com,USA,2023-09-02,False
657,Customer_657,customer657@example.com,USA,2023-01-16,False
658,Customer_658,customer658@example.com,USA,2022-04-12,False
659,Customer_659,customer659@example.com,Spain,2023-05-09,False
660,Customer_660,customer660@example.com,Mexico,2023-10-06,False
661,Customer_661,customer661@example.com,USA,2023-09-06,False
662,Customer_662,customer662@example.com,Chile,2022-01-19,False
663,Customer_663,customer663@example.com,Spain,2023-03-30,False
664,Customer_664,customer664@example.com,USA,2023-04-27,False
665,Customer_665,customer665@example.com,USA,2023-08-17,False
666,Customer_666,customer666@example.com,USA,2023-02-01,False
667,Customer_667,customer667@example.com,USA,2022-10-06,False
668,Customer_668,customer668@example.com,USA,2022-12-31,False
669,Customer_669,customer669@example.com,USA,2022-11-27,False
670,Customer_670,customer670@example.com,USA,2023-10-03,False
671,Customer_671,customer671@example.com,USA,2022-12-10,False
672,Customer_672,customer672@example.com,Argentina,2023-03-31,False
673,Customer_673,customer673@example.com,USA,2023-08-24,False
674,Customer_674,customer674@example.com,Mexico,2023-12-26,False
675,Customer_675,customer675@example.com,Canada,2023-10-17,False
676,Customer_676,customer676@example.com,Chile,2022-03-06,True
677,Customer_677,customer677@example.com,USA,2022-03-17,False
678,Customer_678,customer678@example.com,USA,2023-12-12,True
679,Customer_679,customer679@example.com,Chile,2022-05-23,False
680,Customer_680,customer680@example.com,Argentina,2023-08-28,False
681,Customer_681,customer681@example.com,Argentina,2023-04-18,True
682,Customer_682,customer682@example.com,USA,2023-02-21,True
683,Customer_683,customer683@example.com,USA,2022-11-01,False
684,Customer_684,customer684@example.com,Spain,2023-05-12,False
685,Customer_685,customer685@example.com,Chile,2022-10-18,False
686,Customer_686,customer686@example.com,Mexico,2022-04-12,True
687,Customer_687,customer687@example.com,Mexico,2022-09-24,False
688,Customer_688,customer688@example.com,USA,2023-09-14,False
689,Customer_689,customer689@example.com,Colombia,2022-01-03,False
690,Customer_690,customer690@example.com,USA,2022-03-26,False
691,Customer_691,customer691@example.com,USA,2022-11-24,False
692,Customer_692,customer692@example.com,Canada,2023-03-26,False
693,Customer_693,customer693@example.com,Mexico,2023-03-30,False
694,Customer_694,customer694@example.com,USA,2023-09-21,False
695,Customer_695,customer695@example.com,USA,2022-08-09,False
696,Customer_696,customer696@example.com,Spain,2022-06-03,True
697,Customer_697,customer697@example.com,USA,2023-10-27,False
698,Customer_698,customer698@example.com,Mexico,2022-01-12,True
699,Customer_699,customer699@example.com,USA,2022-05-13,False
700,Customer_700,customer700@example.com,Canada,2022-10-31,False
701,Customer_701,customer701@example.com,Mexico,2022-10-20,False
702,Customer_702,customer702@example.com,USA,2022-10-27,True
703,Customer_703,customer703@example.com,USA,2022-02-12,True
704,Customer_704,customer704@example.com,USA,2022-12-09,False
705,Customer_705,customer705@example.com,USA,2022-11-22,True
706,Customer_706,customer706@example.com,Chile,2023-05-13,True
707,Customer_707,customer707@example.com,USA,2022-12-30,False
708,Customer_708,customer708@example.com,Argentina,2023-03-03,False
709,Customer_709,customer709@example.com,USA,2022-01-21,False
710,Customer_710,customer710@example.com,Spain,2023-02-11,False
711,Customer_711,customer711@example.com,Colombia,2023-09-11,True
712,Customer_712,customer712@example.com,Mexico,2022-12-02,False
713,Customer_713,customer713@example.com,Canada,2022-04-27,False
714,Customer_714,customer714@example.com,Canada,2022-05-04,False
715,Customer_715,customer715@example.com,USA,2023-02-03,False
716,Customer_716,customer716@example.com,Chile,2023-12-16,False
717,Customer_717,customer717@example.com,Argentina,2022-02-20,False
718,Customer_718,customer718@example.com,Chile,2022-11-20,False
719,Customer_719,customer719@example.com,USA,2022-05-21,False
720,Customer_720,customer720@example.com,Colombia,2023-04-15,False
721,Customer_721,customer721@example.com,Chile,2022-11-30,False
722,Customer_722,customer722@example.com,USA,2023-01-08,False
723,Customer_723,customer723@example.com,USA,2023-07-18,False
724,Customer_724,customer724@example.com,Colombia,2023-05-09,True
725,Customer_725,customer725@example.com,Mexico,2023-06-23,False
726,Customer_726,customer726@example.com,Argentina,2023-10-31,False
727,Customer_727,customer727@example.com,USA,2022-06-05,False
728,Customer_728,customer728@example.com,Colombia,2022-10-18,False
729,Customer_729,customer729@example.com,USA,2023-10-10,False
730,Customer_730,customer730@example.com,USA,2022-05-24,False
731,Customer_731,customer731@example.com,USA,2022-04-16,False
732,Customer_732,customer732@example.com,Argentina,2023-02-24,True
733,Customer_733,customer733@example.com,Spain,2023-11-01,True
734,Customer_734,customer734@example.com,Mexico,2023-10-20,False
735,Customer_735,customer735@example.com,USA,2022-01-02,False
736,Customer_736,customer736@example.com,Argentina,2023-08-12,False
737,Customer_737,customer737@example.com,USA,2023-10-06,False
738,Customer_738,customer738@example.com,Argentina,2022-03-31,False
739,Customer_739,customer739@example.com,Canada,2022-12-11,False
740,Customer_740,customer740@example.com,USA,2022-12-16,True
741,Customer_741,customer741@example.com,Canada,2023-04-04,False
742,Customer_742,customer742@example.com,USA,2022-09-20,False
743,Customer_743,customer743@example.com,Colombia,2022-12-17,False
744,Customer_744,customer744@example.com,Mexico,2022-04-18,False
745,Customer_745,customer745@example.com,USA,2023-08-09,False
746,Customer_746,customer746@example.com,Argentina,2022-02-08,False
747,Customer_747,customer747@example.com,USA,2022-06-08,False
748,Customer_748,customer748@example.com,Mexico,2023-08-06,False
749,Customer_749,customer749@example.com,Chile,2022-11-08,False
750,Customer_750,customer750@example.com,Spain,2022-08-29,False
751,Customer_751,customer751@example.com,USA,2023-03-21,False
752,Customer_752,customer752@example.com,Chile,2022-10-25,True
753,Customer_753,customer753@example.com,Spain,2022-02-05,False
754,Customer_754,customer754@example.com,USA,2022-03-25,False
755,Customer_755,customer755@example.com,USA,2023-03-28,False
756,Customer_756,customer756@example.com,Colombia,2023-01-20,False
757,Customer_757,customer757@example.com,Spain,2022-06-21,False
758,Customer_758,customer758@example.com,Mexico,2023-01-11,False
759,Customer_759,customer759@example.com,Argentina,2023-11-16,False
760,Customer_760,customer760@example.com,Colombia,2022-12-28,False
761,Customer_761,customer761@example.com,USA,2023-07-13,True
762,Customer_762,customer762@example.com,USA,2022-05-21,False
763,Customer_763,customer763@example.com,USA,2022-04-28,True
764,Customer_764,customer764@example.com,Colombia,2022-10-04,False
765,Customer_765,customer765@example.com,USA,2023-12-27,False
766,Customer_766,customer766@example.com,Mexico,2022-08-08,False
767,Customer_767,customer767@example.com,Colombia,2022-01-26,False
768,Customer_768,customer768@example.com,Argentina,2023-06-05,True
769,Customer_769,customer769@example.com,USA,2022-01-10,False
770,Customer_770,customer770@example.com,Argentina,2023-01-13,False
771,Customer_771,customer771@example.com,USA,2023-09-25,False
772,Customer_772,customer772@example.com,Argentina,2023-09-29,False
773,Customer_773,customer773@example.com,USA,2023-11-13,False
774,Customer_774,customer774@example.com,USA,2023-08-07,False
775,Customer_775,customer775@example.com,Colombia,2022-06-01,False
776,Customer_776,customer776@example.com,USA,2023-12-21,False
777,Customer_777,customer777@example.com,USA,2022-02-18,False
778,Customer_778,customer778@example.com,Colombia,2022-06-03,False
779,Customer_779,customer779@example.com,Colombia,2022-10-20,False
780,Customer_780,customer780@example.com,Spain,2023-08-03,False
781,Customer_781,customer781@example.com,Spain,2022-02-19,False
782,Customer_782,customer782@example.com,Mexico,2023-10-26,False
783,Customer_783,customer783@example.com,USA,2023-06-15,False
784,Customer_784,customer784@example.com,USA,2023-09-04,False
785,Customer_785,customer785@example.com,USA,2022-03-01,False
786,Customer_786,customer786@example.com,Chile,2022-06-16,False
787,Customer_787,customer787@example.com,Mexico,2022-07-21,False
788,Customer_788,customer788@example.com,Canada,2022-05-26,False
789,Customer_789,customer789@example.com,Canada,2023-11-07,False
790,Customer_790,customer790@example.com,Chile,2023-03-15,True
791,Customer_791,customer791@example.com,USA,2022-08-30,False
792,Customer_792,customer792@example.com,Mexico,2023-08-04,False
793,Customer_793,customer793@example.com,Mexico,2023-11-18,False
794,Customer_794,customer794@example.com,Spain,2023-07-15,False
795,Customer_795,customer795@example.com,USA,2023-04-28,True
796,Customer_796,customer796@example.com,Argentina,2022-04-18,False
797,Customer_797,customer797@example.com,Chile,2022-08-14,False
798,Customer_798,customer798@example.com,Mexico,2023-11-04,False
799,Customer_799,customer799@example.com,Spain,2023-09-23,False
800,Customer_800,customer800@example.com,Chile,2023-10-23,False
801,Customer_801,customer801@example.com,Colombia,2023-10-24,True
802,Customer_802,customer802@example.com,USA,2023-03-08,False
803,Customer_803,customer803@example.com,Mexico,2023-10-17,False
804,Customer_804,customer804@example.com,Spain,2023-02-23,False
805,Customer_805,customer805@example.com,Canada,2023-03-31,False
806,Customer_806,customer806@example.com,Colombia,2022-06-09,True
807,Customer_807,customer807@example.com,Chile,2023-06-07,False
808,Customer_808,customer808@example.com,Chile,2023-10-12,False
809,Customer_809,customer809@example.com,Canada,2023-08-13,False
810,Customer_810,customer810@example.com,USA,2022-03-18,False
811,Customer_811,customer811@example.com,Chile,2023-05-24,False
812,Customer_812,customer812@example.com,Argentina,2023-03-17,False
813,Customer_813,customer813@example.com,USA,2022-09-11,True
814,Customer_814,customer814@example.com,Chile,2022-11-16,False
815,Customer_815,customer815@example.com,Argentina,2022-09-20,False
816,Customer_816,customer816@example.com,Mexico,2023-08-20,False
817,Customer_817,customer817@example.com,Mexico,2023-10-20,False
818,Customer_818,customer818@example.com,USA,2023-07-08,True
819,Customer_819,customer819@example.com,USA,2023-01-09,False
820,Customer_820,customer820@example.com,USA,2023-09-29,False
821,Customer_821,customer821@example.com,Argentina,2022-06-16,False
822,Customer_822,customer822@example.com,USA,2023-04-04,True
823,Customer_823,customer823@example.com,USA,2022-10-07,False
824,Customer_824,customer824@example.com,USA,2023-12-01,False
825,Customer_825,customer825@example.com,Mexico,2022-10-29,False
826,Customer_826,customer826@example.com,Chile,2023-06-15,False
827,Customer_827,customer827@example.com,USA,2023-08-03,False
828,Customer_828,customer828@example.com,USA,2022-08-06,False
829,Customer_829,customer829@example.com,Colombia,2022-04-12,True
830,Customer_830,customer830@example.com,Canada,2023-07-08,False
831,Customer_831,customer831@example.com,USA,2022-10-15,True
832,Customer_832,customer832@example.com,Canada,2022-06-16,False
833,Customer_833,customer833@example.com,USA,2023-09-13,False
834,Customer_834,customer834@example.com,USA,2022-02-05,True
835,Customer_835,customer835@example.com,Canada,2022-12-19,False
836,Customer_836,customer836@example.com,Canada,2023-11-07,True
837,Customer_837,customer837@example.com,Chile,2022-03-14,False
838,Customer_838,customer838@example.com,USA,2023-10-10,False
839,Customer_839,customer839@example.com,Mexico,2022-12-19,True
840,Customer_840,customer840@example.com,Spain,2022-03-11,False
841,Customer_841,customer841@example.com,USA,2023-03-01,False
842,Customer_842,customer842@example.com,Spain,2023-12-09,False
843,Customer_843,customer843@example.com,USA,2023-07-15,True
844,Customer_844,customer844@example.com,Chile,2023-10-04,False
845,Customer_845,customer845@example.com,USA,2023-06-01,False
846,Customer_846,customer846@example.com,Canada,2023-03-04,False
847,Customer_847,customer847@example.com,USA,2023-06-23,True
848,Customer_848,customer848@example.com,Chile,2022-06-09,True
849,Customer_849,customer849@example.com,Mexico,2022-05-29,False
850,Customer_850,customer850@example.com,Mexico,2022-08-18,False
851,Customer_851,customer851@example.com,USA,2023-12-13,False
852,Customer_852,customer852@example.com,Colombia,2023-07-16,False
853,Customer_853,customer853@example.com,USA,2022-03-08,False
854,Customer_854,customer854@example.com,Argentina,2023-01-16,False
855,Customer_855,customer855@example.com,USA,2022-02-27,False
856,Customer_856,customer856@example.com,USA,2022-09-16,False
857,Customer_857,customer857@example.com,USA,2022-12-08,False
858,Customer_858,customer858@example.com,Canada,2022-05-10,False
859,Customer_859,customer859@example.com,Mexico,2023-12-28,False
860,Customer_860,customer860@example.com,USA,2022-06-21,False
861,Customer_861,customer861@example.com,Colombia,2023-09-06,False
862,Customer_862,customer862@example.com,Canada,2022-07-28,False
863,Customer_863,customer863@example.com,Mexico,2022-12-20,False
864,Customer_864,customer864@example.com,Canada,2023-04-16,False
865,Customer_865,customer865@example.com,Canada,2022-04-26,True
866,Customer_866,customer866@example.com,Mexico,2022-09-21,False
867,Customer_867,customer867@example.com,USA,2023-10-24,False
868,Customer_868,customer868@example.com,USA,2023-03-18,False
869,Customer_869,customer869@example.com,Argentina,2023-07-02,False
870,Customer_870,customer870@example.com,Chile,2023-03-29,False
871,Customer_871,customer871@example.com,USA,2023-04-22,True
872,Customer_872,customer872@example.com,USA,2022-10-14,False
873,Customer_873,customer873@example.com,Spain,2022-10-30,False
874,Customer_874,customer874@example.com,Canada,2022-11-07,False
875,Customer_875,customer875@example.com,USA,2022-07-27,False
876,Customer_876,customer876@example.com,USA,2023-09-10,False
877,Customer_877,customer877@example.com,Colombia,2023-03-22,False
878,Customer_878,customer878@example.com,Spain,2023-11-01,False
879,Customer_879,customer879@example.com,USA,2023-09-25,True
880,Customer_880,customer880@example.com,USA,2022-02-24,False
881,Customer_881,customer881@example.com,USA,2022-01-12,False
882,Customer_882,customer882@example.com,Spain,2023-10-19,False
883,Customer_883,customer883@example.com,USA,2023-02-04,False
884,Customer_884,customer884@example.com,USA,2023-10-10,True
885,Customer_885,customer885@example.com,Colombia,2023-05-30,False
886,Customer_886,customer886@example.com,USA,2023-10-18,True
887,Customer_887,customer887@example.com,Spain,2023-06-26,False
888,Customer_888,customer888@example.com,USA,2022-08-25,False
889,Customer_889,customer889@example.com,USA,2022-10-06,True
890,Customer_890,customer890@example.com,USA,2022-12-14,False
891,Customer_891,customer891@example.com,Colombia,2023-09-19,True
892,Customer_892,customer892@example.com,Argentina,2022-04-14,False
893,Customer_893,customer893@example.com,Argentina,2023-09-22,False
894,Customer_894,customer894@example.com,USA,2023-06-01,True
895,Customer_895,customer895@example.com,Spain,2022-09-05,False
896,Customer_896,customer896@example.com,USA,2022-12-30,True
897,Customer_897,customer897@example.com,USA,2022-11-17,False
898,Customer_898,customer898@example.com,Argentina,2023-09-25,False
899,Customer_899,customer899@example.com,USA,2022-10-13,False
900,Customer_900,customer900@example.com,USA,2022-05-29,True
901,Customer_901,customer901@example.com,USA,2022-03-25,False
902,Customer_902,customer902@example.com,USA,2023-02-10,False
903,Customer_903,customer903@example.com,USA,2023-04-01,False
904,Customer_904,customer904@example.com,Mexico,2022-06-10,False
905,Customer_905,customer905@example.com,Canada,2023-04-05,False
906,Customer_906,customer906@example.com,Argentina,2023-07-04,False
907,Customer_907,customer907@example.com,Argentina,2023-05-15,False
908,Customer_908,customer908@example.com,USA,2023-05-24,False
909,Customer_909,customer909@example.com,USA,2023-10-16,False
910,Customer_910,customer910@example.com,USA,2023-04-26,False
911,Customer_911,customer911@example.com,Mexico,2023-10-25,True
912,Customer_912,customer912@example.com,USA,2022-04-24,False
913,Customer_913,customer913@example.com,Spain,2023-08-01,False
914,Customer_914,customer914@example.com,Canada,2022-12-27,False
915,Customer_915,customer915@example.com,Mexico,2022-12-07,False
916,Customer_916,customer916@example.com,Canada,2023-03-25,False
917,Customer_917,customer917@example.com,USA,2022-06-29,True
918,Customer_918,customer918@example.com,Chile,2023-12-03,True
919,Customer_919,customer919@example.com,Colombia,2023-02-11,False
920,Customer_920,customer920@example.com,USA,2023-10-28,False
921,Customer_921,customer921@example.com,Argentina,2022-07-15,False
922,Customer_922,customer922@example.com,Canada,2023-04-11,False
923,Customer_923,customer923@example.com,Argentina,2022-11-07,False
924,Customer_924,customer924@example.com,Colombia,2022-09-19,False
925,Customer_925,customer925@example.com,Canada,2023-02-23,False
926,Customer_926,customer926@example.com,USA,2023-02-10,True
927,Customer_927,customer927@example.com,USA,2022-05-23,False
928,Customer_928,customer928@example.com,Mexico,2022-12-08,False
929,Customer_929,customer929@example.com,Spain,2022-11-12,True
930,Customer_930,customer930@example.com,USA,2022-04-11,False
931,Customer_931,customer931@example.com,USA,2022-09-01,False
932,Customer_932,customer932@example.com,Argentina,2023-05-05,False
933,Customer_933,customer933@example.com,Chile,2022-01-12,False
934,Customer_934,customer934@example.com,Mexico,2022-08-27,False
935,Customer_935,customer935@example.com,USA,2023-07-15,False
936,Customer_936,customer936@example.com,USA,2022-02-11,False
937,Customer_937,customer937@example.com,USA,2023-11-09,False
938,Customer_938,customer938@example.com,Chile,2023-08-17,True
939,Customer_939,customer939@example.com,USA,2023-03-05,False
940,Customer_940,customer940@example.com,Mexico,2022-06-07,False
941,Customer_941,customer941@example.com,USA,2022-08-04,False
942,Customer_942,customer942@example.com,Mexico,2023-11-01,False
943,Customer_943,customer943@example.com,Spain,2023-04-07,False
944,Customer_944,customer944@example.com,Argentina,2022-05-14,False
945,Customer_945,customer945@example.com,USA,2022-03-08,False
946,Customer_946,customer946@example.com,USA,2022-01-07,False
947,Customer_947,customer947@example.com,USA,2023-06-10,False
948,Customer_948,customer948@example.com,Chile,2022-03-14,False
949,Customer_949,customer949@example.com,Argentina,2023-02-03,False
950,Customer_950,customer950@example.com,Mexico,2023-02-09,False
951,Customer_951,customer951@example.com,Spain,2023-11-06,True
952,Customer_952,customer952@example.com,Spain,2023-08-01,False
953,Customer_953,customer953@example.com,USA,2022-05-10,False
954,Customer_954,customer954@example.com,Chile,2023-04-11,False
955,Customer_955,customer955@example.com,Canada,2022-07-25,False
956,Customer_956,customer956@example.com,USA,2022-09-23,False
957,Customer_957,customer957@example.com,Mexico,2023-06-21,False
958,Customer_958,customer958@example.com,USA,2022-09-10,True
959,Customer_959,customer959@example.com,USA,2022-10-16,False
960,Customer_960,customer960@example.com,Colombia,2022-06-13,False
961,Customer_961,customer961@example.com,USA,2022-04-05,False
962,Customer_962,customer962@example.com,Spain,2022-04-20,True
963,Customer_963,customer963@example.com,USA,2022-12-02,True
964,Customer_964,customer964@example.com,USA,2022-08-26,False
965,Customer_965,customer965@example.com,USA,2023-01-16,False
966,Customer_966,customer966@example.com,USA,2023-03-12,False
967,Customer_967,customer967@example.com,Colombia,2023-04-28,True
968,Customer_968,customer968@example.com,USA,2022-01-25,False
969,Customer_969,customer969@example.com,Mexico,2023-10-15,False
970,Customer_970,customer970@example.com,Canada,2022-04-27,True
971,Customer_971,customer971@example.com,Spain,2023-04-27,True
972,Customer_972,customer972@example.com,Chile,2023-01-27,False
973,Customer_973,customer973@example.com,Colombia,2023-06-21,False
974,Customer_974,customer974@example.com,USA,2022-03-20,False
975,Customer_975,customer975@example.com,USA,2023-08-03,False
976,Customer_976,customer976@example.com,USA,2022-06-22,False
977,Customer_977,customer977@example.com,Mexico,2022-01-12,True
978,Customer_978,customer978@example.com,USA,2022-05-08,False
979,Customer_979,customer979@example.com,Canada,2023-08-31,False
980,Customer_980,customer980@example.com,Mexico,2022-04-02,False
981,Customer_981,customer981@example.com,USA,2023-10-15,False
982,Customer_982,customer982@example.com,Colombia,2023-06-27,False
983,Customer_983,customer983@example.com,USA,2023-06-16,False
984,Customer_984,customer984@example.com,USA,2023-10-20,False
985,Customer_985,customer985@example.com,Colombia,2023-03-23,False
986,Customer_986,customer986@example.com,Canada,2023-01-25,False
987,Customer_987,customer987@example.com,Spain,2023-11-03,True
988,Customer_988,customer988@example.com,Canada,2022-02-12,True
989,Customer_989,customer989@example.com,USA,2022-09-11,False
990,Customer_990,customer990@example.com,Argentina,2022-05-10,False
991,Customer_991,customer991@example.com,Colombia,2022-03-01,True
992,Customer_992,customer992@example.com,Spain,2023-10-25,False
993,Customer_993,customer993@example.com,USA,2023-04-12,True
994,Customer_994,customer994@example.com,Mexico,2022-10-14,False
995,Customer_995,customer995@example.com,USA,2023-06-01,False
996,Customer_996,customer996@example.com,USA,2023-04-12,False
997,Customer_997,customer997@example.com,Chile,2022-12-11,False
998,Customer_998,customer998@example.com,USA,2023-10-04,False
999,Customer_999,customer999@example.com,Chile,2023-01-17,True
1000,Customer_1000,customer1000@example.com,Canada,2023-11-21,False
